id	dropRate	class	equipType	cursorGraphic	itemType	uniqueBaseItem	name	shortName	minMonsterLevel	durability	minDamage	maxDamage	minArmor	maxArmor	minStrength	minMagic	minDexterity	specialEffects	miscId	spell	usable	value
IDI_GOLD	1	Gold	Unequippable	GOLD_SMALL	Gold	NONE	Gold		1	0	0	0	0	0	0	0	0		NONE	Null	true	0
IDI_WARRIOR	0	Weapon	One-handed	SHORT_SWORD	Sword	NONE	Short Sword		2	24	2	6	0	0	18	0	0		NONE	Null	false	120
IDI_WARRSHLD	0	Armor	One-handed	BUCKLER	Shield	NONE	Buckler		2	16	0	0	3	3	0	0	0		NONE	Null	false	30
IDI_WARRCLUB	0	Weapon	One-handed	CLUB	Mace	SPIKCLUB	Club		1	20	1	6	0	0	0	0	0		NONE	Null	false	20
IDI_ROGUE	0	Weapon	Two-handed	SHORT_BOW	Bow	NONE	Short Bow		1	30	1	4	0	0	0	0	0		NONE	Null	false	100
IDI_SORCERER	0	Weapon	Two-handed	SHORT_STAFF	Staff	NONE	Short Staff of Mana		1	25	2	4	0	0	0	17	0		STAFF	Mana	false	210
IDI_CLEAVER	0	Weapon	Two-handed	CLEAVER	Axe	CLEAVER	Cleaver		10	10	4	24	0	0	0	0	0		UNIQUE	Null	false	2000
IDI_SKCROWN	0	Armor	Helm	THE_UNDEAD_CROWN	Helm	SKCROWN	The Undead Crown		0	50	0	0	15	15	0	0	0	RandomStealLife	UNIQUE	Null	false	10000
IDI_INFRARING	0	Misc	Ring	EMPYREAN_BAND	Ring	INFRARING	Empyrean Band		0	0	0	0	0	0	0	0	0		UNIQUE	Null	false	8000
IDI_ROCK	0	Quest	Unequippable	MAGIC_ROCK	Misc	NONE	Magic Rock		0	0	0	0	0	0	0	0	0		NONE	Null	false	0
IDI_OPTAMULET	0	Misc	Amulet	OPTIC_AMULET	Amulet	OPTAMULET	Optic Amulet		0	0	0	0	0	0	0	0	0		UNIQUE	Null	false	5000
IDI_TRING	0	Misc	Ring	RING_OF_TRUTH	Ring	TRING	Ring of Truth		0	0	0	0	0	0	0	0	0		UNIQUE	Null	false	1000
IDI_BANNER	0	Quest	Unequippable	TAVERN_SIGN	Misc	NONE	Tavern Sign		0	0	0	0	0	0	0	0	0		NONE	Null	false	0
IDI_HARCREST	0	Armor	Helm	HARLEQUIN_CREST	Helm	HARCREST	Harlequin Crest		0	15	0	0	0	0	0	0	0		UNIQUE	Null	false	15
IDI_STEELVEIL	0	Armor	Helm	VEIL_OF_STEEL	Helm	STEELVEIL	Veil of Steel		0	60	0	0	18	18	0	0	0		UNIQUE	Null	false	0
IDI_GLDNELIX	0	Misc	Unequippable	GOLDEN_ELIXIR	Misc	ELIXIR	Golden Elixir		15	0	0	0	0	0	0	0	0		NONE	Null	false	0
IDI_ANVIL	0	Quest	Unequippable	ANVIL_OF_FURY	Misc	NONE	Anvil of Fury		0	0	0	0	0	0	0	0	0		NONE	Null	false	0
IDI_MUSHROOM	0	Quest	Unequippable	BLACK_MUSHROOM	Misc	NONE	Black Mushroom		0	0	0	0	0	0	0	0	0		NONE	Null	false	0
IDI_BRAIN	0	Quest	Unequippable	BRAIN	Misc	NONE	Brain		0	0	0	0	0	0	0	0	0		NONE	Null	false	0
IDI_FUNGALTM	0	Quest	Unequippable	FUNGAL_TOME	Misc	NONE	Fungal Tome		0	0	0	0	0	0	0	0	0		NONE	Null	false	0
IDI_SPECELIX	0	Misc	Unequippable	SPECTRAL_ELIXIR	Misc	ELIXIR	Spectral Elixir		15	0	0	0	0	0	0	0	0		SPECELIX	Null	true	0
IDI_BLDSTONE	0	Quest	Unequippable	BLOOD_STONE	Misc	NONE	Blood Stone		0	0	0	0	0	0	0	0	0		NONE	Null	false	0
IDI_MAPOFDOOM	0	Quest	Unequippable	MAP_OF_THE_STARS	Misc	MAPOFDOOM	Cathedral Map		0	0	0	0	0	0	0	0	0		MAPOFDOOM	Null	true	0
IDI_EAR	0	Misc	Unequippable		Misc	NONE	Ear		0	0	0	0	0	0	0	0	0		EAR	Null	false	0
IDI_HEAL	0	Misc	Unequippable	POTION_OF_HEALING	Misc	NONE	Potion of Healing		0	0	0	0	0	0	0	0	0		HEAL	Null	true	50
IDI_MANA	0	Misc	Unequippable	POTION_OF_MANA	Misc	NONE	Potion of Mana		0	0	0	0	0	0	0	0	0		MANA	Null	true	50
IDI_IDENTIFY	0	Misc	Unequippable	SCROLL_OF	Misc	NONE	Scroll of Identify		1	0	0	0	0	0	0	0	0		SCROLL	Identify	true	200
IDI_PORTAL	0	Misc	Unequippable	SCROLL_OF	Misc	NONE	Scroll of Town Portal		4	0	0	0	0	0	0	0	0		SCROLL	TownPortal	true	200
IDI_ARMOFVAL	0	Armor	Armor	ARKAINES_VALOR	MediumArmor	ARMOFVAL	Arkaine's Valor		0	40	0	0	0	0	0	0	0		UNIQUE	Null	false	0
IDI_FULLHEAL	0	Misc	Unequippable	POTION_OF_FULL_HEALING	Misc	NONE	Potion of Full Healing		1	0	0	0	0	0	0	0	0		FULLHEAL	Null	true	150
IDI_FULLMANA	0	Misc	Unequippable	POTION_OF_FULL_MANA	Misc	NONE	Potion of Full Mana		1	0	0	0	0	0	0	0	0		FULLMANA	Null	true	150
IDI_GRISWOLD	0	Weapon	One-handed	BROAD_SWORD	Sword	GRISWOLD	Griswold's Edge		8	50	4	12	0	0	40	0	0		UNIQUE	Null	false	750
IDI_LGTFORGE	0	Armor	Armor	BOVINE	HeavyArmor	BOVINE	Bovine Plate		0	40	0	0	0	0	50	0	0		UNIQUE	Null	false	0
IDI_LAZSTAFF	0	Misc	Unequippable	STAFF_OF_LAZARUS	Misc	LAZSTAFF	Staff of Lazarus		0	0	0	0	0	0	0	0	0		NONE	Null	false	0
IDI_RESURRECT	0	Misc	Unequippable	SCROLL_OF	Misc	NONE	Scroll of Resurrect		1	0	0	0	0	0	0	0	0		SCROLLT	Resurrect	true	250
IDI_OIL	0	Misc	Unequippable	OIL	Misc	NONE	Blacksmith Oil		1	0	0	0	0	0	0	0	0		OILBSMTH	Null	true	100
IDI_SHORTSTAFF	0	Weapon	Two-handed	SHORT_STAFF	Staff	NONE	Short Staff		1	25	2	4	0	0	0	0	0		NONE	Null	false	20
IDI_BARDSWORD	0	Weapon	One-handed	SHORT_SWORD	Sword	NONE	Sword		2	8	1	5	0	0	15	0	20		NONE	Null	false	20
IDI_BARDDAGGER	0	Weapon	One-handed	DAGGER	Sword	NONE	Dagger		1	16	1	4	0	0	0	0	0		NONE	Null	false	20
IDI_RUNEBOMB	0	Quest	Unequippable	RUNE_BOMB	Misc	NONE	Rune Bomb		0	0	0	0	0	0	0	0	0		NONE	Null	false	0
IDI_THEODORE	0	Quest	Unequippable	THEODORE	Misc	NONE	Theodore		0	0	0	0	0	0	0	0	0		NONE	Null	false	0
IDI_AURIC	0	Misc	Amulet	AURIC_AMULET	Misc	NONE	Auric Amulet		0	0	0	0	0	0	0	0	0		AURIC	Null	false	100
IDI_NOTE1	0	Quest	Unequippable	TORN_NOTE_1	Misc	NONE	Torn Note 1		0	0	0	0	0	0	0	0	0		NONE	Null	false	0
IDI_NOTE2	0	Quest	Unequippable	TORN_NOTE_2	Misc	NONE	Torn Note 2		0	0	0	0	0	0	0	0	0		NONE	Null	false	0
IDI_NOTE3	0	Quest	Unequippable	TORN_NOTE_3	Misc	NONE	Torn Note 3		0	0	0	0	0	0	0	0	0		NONE	Null	false	0
IDI_FULLNOTE	0	Quest	Unequippable	RECONSTRUCTED_NOTE	Misc	NONE	Reconstructed Note		0	0	0	0	0	0	0	0	0		NOTE	Null	true	0
IDI_BROWNSUIT	0	Quest	Unequippable	BROWN_SUIT	Misc	NONE	Brown Suit		0	0	0	0	0	0	0	0	0		NONE	Null	false	0
IDI_GREYSUIT	0	Quest	Unequippable	GREY_SUIT	Misc	NONE	Grey Suit		0	0	0	0	0	0	0	0	0		NONE	Null	false	0
	1	Armor	Helm	CAP	Helm	NONE	Cap	Cap	1	15	0	0	1	3	0	0	0		NONE	Null	false	15
	1	Armor	Helm	SKULL_CAP	Helm	SKULLCAP	Skull Cap	Cap	4	20	0	0	2	4	0	0	0		NONE	Null	false	25
	1	Armor	Helm	HELM	Helm	HELM	Helm	Helm	8	30	0	0	4	6	25	0	0		NONE	Null	false	40
	1	Armor	Helm	FULL_HELM	Helm	NONE	Full Helm	Helm	12	35	0	0	6	8	35	0	0		NONE	Null	false	90
	1	Armor	Helm	CROWN	Helm	CROWN	Crown	Crown	16	40	0	0	8	12	0	0	0		NONE	Null	false	200
	1	Armor	Helm	GREAT_HELM	Helm	GREATHELM	Great Helm	Helm	20	60	0	0	10	15	50	0	0		NONE	Null	false	400
	1	Armor	Armor	CAPE	LightArmor	CAPE	Cape	Cape	1	12	0	0	1	5	0	0	0		NONE	Null	false	10
	1	Armor	Armor	RAGS	LightArmor	RAGS	Rags	Rags	1	6	0	0	2	6	0	0	0		NONE	Null	false	5
	1	Armor	Armor	CLOAK	LightArmor	CLOAK	Cloak	Cloak	2	18	0	0	3	7	0	0	0		NONE	Null	false	40
	1	Armor	Armor	ROBE	LightArmor	ROBE	Robe	Robe	3	24	0	0	4	7	0	0	0		NONE	Null	false	75
	1	Armor	Armor	QUILTED_ARMOR	LightArmor	NONE	Quilted Armor	Armor	4	30	0	0	7	10	0	0	0		NONE	Null	false	200
	1	Armor	Armor	LEATHER_ARMOR	LightArmor	LEATHARMOR	Leather Armor	Armor	6	35	0	0	10	13	0	0	0		NONE	Null	false	300
	1	Armor	Armor	HARD_LEATHER_ARMOR	LightArmor	NONE	Hard Leather Armor	Armor	7	40	0	0	11	14	0	0	0		NONE	Null	false	450
	1	Armor	Armor	STUDDED_LEATHER_ARMOR	LightArmor	STUDARMOR	Studded Leather Armor	Armor	9	45	0	0	15	17	20	0	0		NONE	Null	false	700
	1	Armor	Armor	RING_MAIL	MediumArmor	NONE	Ring Mail	Mail	11	50	0	0	17	20	25	0	0		NONE	Null	false	900
	1	Armor	Armor	CHAIN_MAIL	MediumArmor	CHAINMAIL	Chain Mail	Mail	13	55	0	0	18	22	30	0	0		NONE	Null	false	1250
	1	Armor	Armor	SCALE_MAIL	MediumArmor	NONE	Scale Mail	Mail	15	60	0	0	23	28	35	0	0		NONE	Null	false	2300
	1	Armor	Armor	BREAST_PLATE	HeavyArmor	BREASTPLATE	Breast Plate	Plate	16	80	0	0	20	24	40	0	0		NONE	Null	false	2800
	1	Armor	Armor	SPLINT_MAIL	MediumArmor	NONE	Splint Mail	Mail	17	65	0	0	30	35	40	0	0		NONE	Null	false	3250
	1	Armor	Armor	FIELD_PLATE	HeavyArmor	PLATEMAIL	Plate Mail	Plate	19	75	0	0	42	50	60	0	0		NONE	Null	false	4600
	1	Armor	Armor	FIELD_PLATE	HeavyArmor	NONE	Field Plate	Plate	21	80	0	0	40	45	65	0	0		NONE	Null	false	5800
	1	Armor	Armor	GOTHIC_PLATE	HeavyArmor	NONE	Gothic Plate	Plate	23	100	0	0	50	60	80	0	0		NONE	Null	false	8000
	1	Armor	Armor	FULL_PLATE_MAIL	HeavyArmor	FULLPLATE	Full Plate Mail	Plate	25	90	0	0	60	75	90	0	0		NONE	Null	false	6500
	1	Armor	One-handed	BUCKLER	Shield	BUCKLER	Buckler	Shield	1	16	0	0	1	5	0	0	0		NONE	Null	false	30
	1	Armor	One-handed	SMALL_SHIELD	Shield	SMALLSHIELD	Small Shield	Shield	5	24	0	0	3	8	25	0	0		NONE	Null	false	90
	1	Armor	One-handed	LARGE_SHIELD	Shield	LARGESHIELD	Large Shield	Shield	9	32	0	0	5	10	40	0	0		NONE	Null	false	200
	1	Armor	One-handed	KITE_SHIELD	Shield	KITESHIELD	Kite Shield	Shield	14	40	0	0	8	15	50	0	0		NONE	Null	false	400
	1	Armor	One-handed	TOWER_SHIELD	Shield	GOTHSHIELD	Tower Shield	Shield	20	50	0	0	12	20	60	0	0		NONE	Null	false	850
	1	Armor	One-handed	GOTHIC_SHIELD	Shield	GOTHSHIELD	Gothic Shield	Shield	23	60	0	0	14	18	80	0	0		NONE	Null	false	2300
	1	Misc	Unequippable	POTION_OF_HEALING	Misc	NONE	Potion of Healing		1	0	0	0	0	0	0	0	0		HEAL	Null	true	50
	1	Misc	Unequippable	POTION_OF_FULL_HEALING	Misc	NONE	Potion of Full Healing		1	0	0	0	0	0	0	0	0		FULLHEAL	Null	true	150
	1	Misc	Unequippable	POTION_OF_MANA	Misc	NONE	Potion of Mana		1	0	0	0	0	0	0	0	0		MANA	Null	true	50
	1	Misc	Unequippable	POTION_OF_FULL_MANA	Misc	NONE	Potion of Full Mana		1	0	0	0	0	0	0	0	0		FULLMANA	Null	true	150
	1	Misc	Unequippable	POTION_OF_REJUVENATION	Misc	NONE	Potion of Rejuvenation		3	0	0	0	0	0	0	0	0		REJUV	Null	true	120
	1	Misc	Unequippable	POTION_OF_FULL_REJUVENATION	Misc	NONE	Potion of Full Rejuvenation		7	0	0	0	0	0	0	0	0		FULLREJUV	Null	true	600
	1	Misc	Unequippable	OIL	Misc	NONE	Blacksmith Oil		1	0	0	0	0	0	0	0	0		OILBSMTH	Null	true	100
	1	Misc	Unequippable	OIL	Misc	NONE	Oil of Accuracy		1	0	0	0	0	0	0	0	0		OILACC	Null	true	500
	1	Misc	Unequippable	OIL	Misc	NONE	Oil of Sharpness		1	0	0	0	0	0	0	0	0		OILSHARP	Null	true	500
	1	Misc	Unequippable	OIL	Misc	NONE	Oil		10	0	0	0	0	0	0	0	0		OILOF	Null	true	0
	1	Misc	Unequippable	ELIXIR_OF_STRENGTH	Misc	NONE	Elixir of Strength		15	0	0	0	0	0	0	0	0		ELIXSTR	Null	true	5000
	1	Misc	Unequippable	ELIXIR_OF_MAGIC	Misc	NONE	Elixir of Magic		15	0	0	0	0	0	0	0	0		ELIXMAG	Null	true	5000
	1	Misc	Unequippable	ELIXIR_OF_DEXTERITY	Misc	NONE	Elixir of Dexterity		15	0	0	0	0	0	0	0	0		ELIXDEX	Null	true	5000
	1	Misc	Unequippable	ELIXIR_OF_VITALITY	Misc	NONE	Elixir of Vitality		20	0	0	0	0	0	0	0	0		ELIXVIT	Null	true	5000
	1	Misc	Unequippable	SCROLL_OF	Misc	NONE	Scroll of Healing		1	0	0	0	0	0	0	0	0		SCROLL	Healing	true	50
	1	Misc	Unequippable	SCROLL_OF	Misc	NONE	Scroll of Search		1	0	0	0	0	0	0	0	0		SCROLL	Search	true	50
	1	Misc	Unequippable	SCROLL_OF	Misc	NONE	Scroll of Lightning		4	0	0	0	0	0	0	0	0		SCROLLT	Lightning	true	150
	1	Misc	Unequippable	SCROLL_OF	Misc	NONE	Scroll of Identify		1	0	0	0	0	0	0	0	0		SCROLL	Identify	true	100
	1	Misc	Unequippable	SCROLL_OF	Misc	NONE	Scroll of Resurrect		1	0	0	0	0	0	0	0	0		SCROLLT	Resurrect	true	250
	1	Misc	Unequippable	SCROLL_OF	Misc	NONE	Scroll of Fire Wall		4	0	0	0	0	0	0	17	0		SCROLLT	FireWall	true	400
	1	Misc	Unequippable	SCROLL_OF	Misc	NONE	Scroll of Inferno		1	0	0	0	0	0	0	19	0		SCROLLT	Inferno	true	100
	1	Misc	Unequippable	SCROLL_OF	Misc	NONE	Scroll of Town Portal		4	0	0	0	0	0	0	0	0		SCROLL	TownPortal	true	200
	1	Misc	Unequippable	SCROLL_OF	Misc	NONE	Scroll of Flash		6	0	0	0	0	0	0	21	0		SCROLLT	Flash	true	500
	1	Misc	Unequippable	SCROLL_OF	Misc	NONE	Scroll of Infravision		8	0	0	0	0	0	0	23	0		SCROLL	Infravision	true	600
	1	Misc	Unequippable	SCROLL_OF	Misc	NONE	Scroll of Phasing		6	0	0	0	0	0	0	25	0		SCROLL	Phasing	true	200
	1	Misc	Unequippable	SCROLL_OF	Misc	NONE	Scroll of Mana Shield		8	0	0	0	0	0	0	0	0		SCROLL	ManaShield	true	1200
	1	Misc	Unequippable	SCROLL_OF	Misc	NONE	Scroll of Flame Wave		10	0	0	0	0	0	0	29	0		SCROLLT	FlameWave	true	650
	1	Misc	Unequippable	SCROLL_OF	Misc	NONE	Scroll of Fireball		8	0	0	0	0	0	0	31	0		SCROLLT	Fireball	true	300
	1	Misc	Unequippable	SCROLL_OF	Misc	NONE	Scroll of Stone Curse		6	0	0	0	0	0	0	33	0		SCROLLT	StoneCurse	true	800
	1	Misc	Unequippable	SCROLL_OF	Misc	NONE	Scroll of Chain Lightning		10	0	0	0	0	0	0	35	0		SCROLLT	ChainLightning	true	750
	1	Misc	Unequippable	SCROLL_OF	Misc	NONE	Scroll of Guardian		12	0	0	0	0	0	0	47	0		SCROLLT	Guardian	true	950
	0	Misc	Unequippable		Misc	NONE			0	0	0	0	0	0	0	0	0		NONE	Null	false	0
	1	Misc	Unequippable	SCROLL_OF	Misc	NONE	Scroll of Nova		14	0	0	0	0	0	0	57	0		SCROLL	Nova	true	1300
	1	Misc	Unequippable	SCROLL_OF	Misc	NONE	Scroll of Golem		10	0	0	0	0	0	0	51	0		SCROLLT	Golem	true	1100
	0	Misc	Unequippable		Misc	NONE			0	0	0	0	0	0	0	0	0		NONE	Null	false	0
	1	Misc	Unequippable	SCROLL_OF	Misc	NONE	Scroll of Teleport		14	0	0	0	0	0	0	81	0		SCROLL	Teleport	true	3000
	1	Misc	Unequippable	SCROLL_OF	Misc	NONE	Scroll of Apocalypse		22	0	0	0	0	0	0	117	0		SCROLL	Apocalypse	true	2000
	1	Misc	Unequippable	BOOK_BLUE	Misc	NONE	Book of 		2	0	0	0	0	0	0	0	0		BOOK	Null	true	0
	1	Misc	Unequippable	BOOK_BLUE	Misc	NONE	Book of 		8	0	0	0	0	0	0	0	0		BOOK	Null	true	0
	1	Misc	Unequippable	BOOK_BLUE	Misc	NONE	Book of 		14	0	0	0	0	0	0	0	0		BOOK	Null	true	0
	1	Misc	Unequippable	BOOK_BLUE	Misc	NONE	Book of 		20	0	0	0	0	0	0	0	0		BOOK	Null	true	0
	1	Weapon	One-handed	DAGGER	Sword	DAGGER	Dagger	Dagger	1	16	1	4	0	0	0	0	0		NONE	Null	false	60
	1	Weapon	One-handed	SHORT_SWORD	Sword	NONE	Short Sword	Sword	1	24	2	6	0	0	18	0	0		NONE	Null	false	120
	1	Weapon	One-handed	FALCHION	Sword	FALCHION	Falchion	Sword	2	20	4	8	0	0	30	0	0		NONE	Null	false	250
	1	Weapon	One-handed	SCIMITAR	Sword	SCIMITAR	Scimitar	Sword	4	28	3	7	0	0	23	0	23		NONE	Null	false	200
	1	Weapon	One-handed	CLAYMORE	Sword	CLAYMORE	Claymore	Sword	5	36	1	12	0	0	35	0	0		NONE	Null	false	450
	1	Weapon	One-handed	BLADE	Sword	NONE	Blade	Blade	4	30	3	8	0	0	25	0	30		NONE	Null	false	280
	1	Weapon	One-handed	SABRE	Sword	SABRE	Sabre	Sabre	1	45	1	8	0	0	17	0	0		NONE	Null	false	170
	1	Weapon	One-handed	LONG_SWORD	Sword	LONGSWR	Long Sword	Sword	6	40	2	10	0	0	30	0	30		NONE	Null	false	350
	1	Weapon	One-handed	BROAD_SWORD	Sword	BROADSWR	Broad Sword	Sword	8	50	4	12	0	0	40	0	0		NONE	Null	false	750
	1	Weapon	One-handed	BASTARD_SWORD	Sword	BASTARDSWR	Bastard Sword	Sword	10	60	6	15	0	0	50	0	0		NONE	Null	false	1000
	1	Weapon	Two-handed	TWO_HANDED_SWORD	Sword	TWOHANDSWR	Two-Handed Sword	Sword	14	75	8	16	0	0	65	0	0		NONE	Null	false	1800
	1	Weapon	Two-handed	GREAT_SWORD	Sword	GREATSWR	Great Sword	Sword	17	100	10	20	0	0	75	0	0		NONE	Null	false	3000
	1	Weapon	Two-handed	SMALL_AXE	Axe	SMALLAXE	Small Axe	Axe	2	24	2	10	0	0	0	0	0		NONE	Null	false	150
	1	Weapon	Two-handed	AXE	Axe	NONE	Axe	Axe	4	32	4	12	0	0	22	0	0		NONE	Null	false	450
	1	Weapon	Two-handed	LARGE_AXE	Axe	LARGEAXE	Large Axe	Axe	6	40	6	16	0	0	30	0	0		NONE	Null	false	750
	1	Weapon	Two-handed	BROAD_AXE	Axe	BROADAXE	Broad Axe	Axe	8	50	8	20	0	0	50	0	0		NONE	Null	false	1000
	1	Weapon	Two-handed	BATTLE_AXE	Axe	BATTLEAXE	Battle Axe	Axe	10	60	10	25	0	0	65	0	0		NONE	Null	false	1500
	1	Weapon	Two-handed	GREAT_AXE	Axe	GREATAXE	Great Axe	Axe	12	75	12	30	0	0	80	0	0		NONE	Null	false	2500
	1	Weapon	One-handed	MACE	Mace	MACE	Mace	Mace	2	32	1	8	0	0	16	0	0		NONE	Null	false	200
	1	Weapon	One-handed	MORNING_STAR	Mace	MORNSTAR	Morning Star	Mace	3	40	1	10	0	0	26	0	0		NONE	Null	false	300
	1	Weapon	One-handed	WAR_HAMMER	Mace	WARHAMMER	War Hammer	Hammer	5	50	5	9	0	0	40	0	0		NONE	Null	false	600
	1	Weapon	One-handed	SPIKED_CLUB	Mace	SPIKCLUB	Spiked Club	Club	4	20	3	6	0	0	18	0	0		NONE	Null	false	225
	1	Weapon	One-handed	CLUB	Mace	SPIKCLUB	Club	Club	1	20	1	6	0	0	0	0	0		NONE	Null	false	20
	1	Weapon	One-handed	FLAIL	Mace	FLAIL	Flail	Flail	7	36	2	12	0	0	30	0	0		NONE	Null	false	500
	1	Weapon	Two-handed	MAUL	Mace	MAUL	Maul	Maul	10	50	6	20	0	0	55	0	0		NONE	Null	false	900
	2	Weapon	Two-handed	SHORT_BOW	Bow	SHORTBOW	Short Bow	Bow	1	30	1	4	0	0	0	0	0		NONE	Null	false	100
	2	Weapon	Two-handed	HUNTERS_BOW	Bow	HUNTBOW	Hunter's Bow	Bow	3	40	2	5	0	0	20	0	35		NONE	Null	false	350
	2	Weapon	Two-handed	HUNTERS_BOW	Bow	LONGBOW	Long Bow	Bow	5	35	1	6	0	0	25	0	30		NONE	Null	false	250
	2	Weapon	Two-handed	COMPOSITE_BOW	Bow	COMPBOW	Composite Bow	Bow	7	45	3	6	0	0	25	0	40		NONE	Null	false	600
IDI_SHORT_BATTLE_BOW	2	Weapon	Two-handed	SHORT_BATTLE_BOW	Bow	NONE	Short Battle Bow	Bow	9	45	3	7	0	0	30	0	50		NONE	Null	false	750
	2	Weapon	Two-handed	LONG_BATTLE_BOW	Bow	BATTLEBOW	Long Battle Bow	Bow	11	50	1	10	0	0	30	0	60		NONE	Null	false	1000
	2	Weapon	Two-handed	SHORT_WAR_BOW	Bow	NONE	Short War Bow	Bow	15	55	4	8	0	0	35	0	70		NONE	Null	false	1500
	2	Weapon	Two-handed	LONG_WAR_BOW	Bow	WARBOW	Long War Bow	Bow	19	60	1	14	0	0	45	0	80		NONE	Null	false	2000
	1	Weapon	Two-handed	SHORT_STAFF	Staff	SHORTSTAFF	Short Staff	Staff	1	25	2	4	0	0	0	0	0		STAFF	Null	false	30
	1	Weapon	Two-handed	LONG_STAFF	Staff	LONGSTAFF	Long Staff	Staff	4	35	4	8	0	0	0	0	0		STAFF	Null	false	100
	1	Weapon	Two-handed	COMPOSITE_STAFF	Staff	COMPSTAFF	Composite Staff	Staff	6	45	5	10	0	0	0	0	0		STAFF	Null	false	500
	1	Weapon	Two-handed	SHORT_STAFF	Staff	QUARSTAFF	Quarter Staff	Staff	9	55	6	12	0	0	20	0	0		STAFF	Null	false	1000
	1	Weapon	Two-handed	WAR_STAFF	Staff	WARSTAFF	War Staff	Staff	12	75	8	16	0	0	30	0	0		STAFF	Null	false	1500
	1	Misc	Ring	RING	Ring	RING	Ring	Ring	5	0	0	0	0	0	0	0	0		RING	Null	false	1000
	1	Misc	Ring	RING	Ring	RING	Ring	Ring	10	0	0	0	0	0	0	0	0		RING	Null	false	1000
	1	Misc	Ring	RING	Ring	RING	Ring	Ring	15	0	0	0	0	0	0	0	0		RING	Null	false	1000
	1	Misc	Amulet	AMULET	Amulet	AMULET	Amulet	Amulet	8	0	0	0	0	0	0	0	0		AMULET	Null	false	1200
	1	Misc	Amulet	AMULET	Amulet	AMULET	Amulet	Amulet	16	0	0	0	0	0	0	0	0		AMULET	Null	false	1200
	1	Misc	Unequippable	RUNE_OF_FIRE	Misc	NONE	Rune of Fire	Rune	1	0	0	0	0	0	0	0	0		RUNEF	Null	true	100
	1	Misc	Unequippable	RUNE_OF_LIGHTNING	Misc	NONE	Rune of Lightning	Rune	3	0	0	0	0	0	0	13	0		RUNEL	Null	true	200
	1	Misc	Unequippable	GREATER_RUNE_OF_FIRE	Misc	NONE	Greater Rune of Fire	Rune	7	0	0	0	0	0	0	42	0		GR_RUNEF	Null	true	400
	1	Misc	Unequippable	GREATER_RUNE_OF_LIGHTNING	Misc	NONE	Greater Rune of Lightning	Rune	7	0	0	0	0	0	0	42	0		GR_RUNEL	Null	true	500
	1	Misc	Unequippable	RUNE_OF_STONE	Misc	NONE	Rune of Stone	Rune	7	0	0	0	0	0	0	25	0		RUNES	Null	true	300
	0	Weapon	Two-handed	SHORT_STAFF	Staff	NONE	Short Staff of Charged Bolt		1	25	2	4	0	0	0	25	0		STAFF	ChargedBolt	false	470
IDI_ARENAPOT	0	Misc	Unequippable	ARENA_POTION	Misc	NONE	Arena Potion		7	0	0	0	0	0	0	0	0		ARENAPOT	Null	true	0
	0	Misc	Unequippable	AWAKENING_STONE	Misc	NONE	Awakening Stone of Fireball	Stone	1	0	0	0	0	0	0	0	0		AWAKENINGSTONE	Fireball	true	1
	0	Misc	Unequippable	AWAKENING_STONE	Misc	NONE	Awakening Stone of Frostbolt	Stone	1	0	0	0	0	0	0	0	0		AWAKENINGSTONE	Frostbolt	true	1
	0	Misc	Unequippable	AWAKENING_STONE	Misc	NONE	Awakening Stone of Strength	Stone	1	0	0	0	0	0	0	0	0		AWAKENINGSTONE	Strength	true	1
	0	Misc	Unequippable	AWAKENING_STONE	Misc	NONE	Awakening Stone of Corruption	Stone	1	0	0	0	0	0	0	0	0		AWAKENINGSTONE	Corruption	true	1
	0	Misc	Unequippable	AWAKENING_STONE	Misc	NONE	Awakening Stone of Fire Aura	Stone	1	0	0	0	0	0	0	0	0		AWAKENINGSTONE	FireAura	true	1
	0	Misc	Unequippable	AWAKENING_STONE	Misc	NONE	Awakening Stone of Flaming Weapon	Stone	1	0	0	0	0	0	0	0	0		AWAKENINGSTONE	FlamingWeapon	true	1
	0	Misc	Unequippable	AWAKENING_STONE	Misc	NONE	Awakening Stone of Flame Strike	Stone	1	0	0	0	0	0	0	0	0		AWAKENINGSTONE	FlameStrike	true	1
	0	Misc	Unequippable	AWAKENING_STONE	Misc	NONE	Awakening Stone of Inferno Strike	Stone	1	0	0	0	0	0	0	0	0		AWAKENINGSTONE	InfernoStrike	true	1
	0	Misc	Unequippable	ESSENCE	Misc	NONE	Fire Essence	Essence	1	0	0	0	0	0	0	0	0		ESSENCE	Firebolt	true	1
	0	Misc	Unequippable	ESSENCE	Misc	NONE	Lightning Essence	Essence	1	0	0	0	0	0	0	0	0		ESSENCE	Lightning	true	1
	0	Misc	Unequippable	AWAKENING_STONE	Misc	NONE	Awakening Stone of Ignite	Stone	1	0	0	0	0	0	0	0	0		AWAKENINGSTONE	Ignite	true	1
	0	Misc	Unequippable	AWAKENING_STONE	Misc	NONE	Awakening Stone of Flame Cleave	Stone	1	0	0	0	0	0	0	0	0		AWAKENINGSTONE	FlameCleave	true	1
	0	Misc	Unequippable	AWAKENING_STONE	Misc	NONE	Awakening Stone of Melt Armor	Stone	1	0	0	0	0	0	0	0	0		AWAKENINGSTONE	MeltArmor	true	1
	0	Misc	Unequippable	AWAKENING_STONE	Misc	NONE	Awakening Stone of Stoke the Flames	Stone	1	0	0	0	0	0	0	0	0		AWAKENINGSTONE	StokeTheFlames	true	1
	0	Misc	Unequippable	AWAKENING_STONE	Misc	NONE	Awakening Stone of Phoenix	Stone	1	0	0	0	0	0	0	0	0		AWAKENINGSTONE	Phoenix	true	1
	0	Misc	Unequippable	AWAKENING_STONE	Misc	NONE	Awakening Stone of Smolder	Stone	1	0	0	0	0	0	0	0	0		AWAKENINGSTONE	Smolder	true	1
	0	Misc	Unequippable	AWAKENING_STONE	Misc	NONE	Awakening Stone of Wildfire	Stone	1	0	0	0	0	0	0	0	0		AWAKENINGSTONE	Wildfire	true	1
	0	Misc	Unequippable	AWAKENING_STONE	Misc	NONE	Awakening Stone of Meteor	Stone	1	0	0	0	0	0	0	0	0		AWAKENINGSTONE	Meteor	true	1
	0	Misc	Unequippable	AWAKENING_STONE	Misc	NONE	Awakening Stone of Kindling	Stone	1	0	0	0	0	0	0	0	0		AWAKENINGSTONE	Kindling	true	1
	0	Misc	Unequippable	AWAKENING_STONE	Misc	NONE	Awakening Stone of Searing Brand	Stone	1	0	0	0	0	0	0	0	0		AWAKENINGSTONE	SearingBrand	true	1
	0	Misc	Unequippable	AWAKENING_STONE	Misc	NONE	Awakening Stone of Fan the Flames	Stone	1	0	0	0	0	0	0	0	0		AWAKENINGSTONE	FanTheFlames	true	1
	0	Misc	Unequippable	ESSENCE	Misc	NONE	Water Essence	Essence	1	0	0	0	0	0	0	0	0		ESSENCE	Frostbolt	true	1
	0	Misc	Unequippable	AWAKENING_STONE	Misc	NONE	Awakening Stone of Wellspring	Stone	1	0	0	0	0	0	0	0	0		AWAKENINGSTONE	Wellspring	true	1
	0	Misc	Unequippable	AWAKENING_STONE	Misc	NONE	Awakening Stone of Glacial Spike	Stone	1	0	0	0	0	0	0	0	0		AWAKENINGSTONE	GlacialSpike	true	1
	0	Misc	Unequippable	AWAKENING_STONE	Misc	NONE	Awakening Stone of Ice Burst	Stone	1	0	0	0	0	0	0	0	0		AWAKENINGSTONE	IceBurst	true	1
	0	Misc	Unequippable	AWAKENING_STONE	Misc	NONE	Awakening Stone of Hailstorm	Stone	1	0	0	0	0	0	0	0	0		AWAKENINGSTONE	Hailstorm	true	1
	0	Misc	Unequippable	AWAKENING_STONE	Misc	NONE	Awakening Stone of Tidal Wave	Stone	1	0	0	0	0	0	0	0	0		AWAKENINGSTONE	TidalWave	true	1
	0	Misc	Unequippable	AWAKENING_STONE	Misc	NONE	Awakening Stone of Icebreaker	Stone	1	0	0	0	0	0	0	0	0		AWAKENINGSTONE	Icebreaker	true	1
	0	Misc	Unequippable	AWAKENING_STONE	Misc	NONE	Awakening Stone of Riptide	Stone	1	0	0	0	0	0	0	0	0		AWAKENINGSTONE	Riptide	true	1
	0	Misc	Unequippable	AWAKENING_STONE	Misc	NONE	Awakening Stone of Soothing Waters	Stone	1	0	0	0	0	0	0	0	0		AWAKENINGSTONE	SoothingWaters	true	1
	0	Misc	Unequippable	AWAKENING_STONE	Misc	NONE	Awakening Stone of Healing Rain	Stone	1	0	0	0	0	0	0	0	0		AWAKENINGSTONE	HealingRain	true	1
	0	Misc	Unequippable	AWAKENING_STONE	Misc	NONE	Awakening Stone of Springwater	Stone	1	0	0	0	0	0	0	0	0		AWAKENINGSTONE	Springwater	true	1
	0	Misc	Unequippable	AWAKENING_STONE	Misc	NONE	Awakening Stone of Wash Away	Stone	1	0	0	0	0	0	0	0	0		AWAKENINGSTONE	WashAway	true	1
	0	Misc	Unequippable	AWAKENING_STONE	Misc	NONE	Awakening Stone of Purging Rain	Stone	1	0	0	0	0	0	0	0	0		AWAKENINGSTONE	PurgingRain	true	1
	0	Misc	Unequippable	AWAKENING_STONE	Misc	NONE	Awakening Stone of Monsoon	Stone	1	0	0	0	0	0	0	0	0		AWAKENINGSTONE	Monsoon	true	1
	0	Misc	Unequippable	AWAKENING_STONE	Misc	NONE	Awakening Stone of Clarity	Stone	1	0	0	0	0	0	0	0	0		AWAKENINGSTONE	Clarity	true	1
	0	Misc	Unequippable	AWAKENING_STONE	Misc	NONE	Awakening Stone of High Tide	Stone	1	0	0	0	0	0	0	0	0		AWAKENINGSTONE	HighTide	true	1
	0	Misc	Unequippable	AWAKENING_STONE	Misc	NONE	Awakening Stone of Reservoir	Stone	1	0	0	0	0	0	0	0	0		AWAKENINGSTONE	Reservoir	true	1
	0	Misc	Unequippable	AWAKENING_STONE	Misc	NONE	Awakening Stone of Mana Tide	Stone	1	0	0	0	0	0	0	0	0		AWAKENINGSTONE	ManaTide	true	1
	0	Misc	Unequippable	AWAKENING_STONE	Misc	NONE	Awakening Stone of Deep Freeze	Stone	1	0	0	0	0	0	0	0	0		AWAKENINGSTONE	DeepFreeze	true	1
	0	Misc	Unequippable	AWAKENING_STONE	Misc	NONE	Awakening Stone of Great Flood	Stone	1	0	0	0	0	0	0	0	0		AWAKENINGSTONE	GreatFlood	true	1
	0	Misc	Unequippable	ESSENCE	Misc	NONE	Holy Essence	Essence	1	0	0	0	0	0	0	0	0		ESSENCE	HolyBolt	true	1
	0	Misc	Unequippable	AWAKENING_STONE	Misc	NONE	Awakening Stone of Holy Bolt	Stone	1	0	0	0	0	0	0	0	0		AWAKENINGSTONE	HolyBolt	true	1
	0	Misc	Unequippable	AWAKENING_STONE	Misc	NONE	Awakening Stone of Radiance	Stone	1	0	0	0	0	0	0	0	0		AWAKENINGSTONE	Radiance	true	1
	0	Misc	Unequippable	AWAKENING_STONE	Misc	NONE	Awakening Stone of Mend	Stone	1	0	0	0	0	0	0	0	0		AWAKENINGSTONE	Mend	true	1
	0	Misc	Unequippable	AWAKENING_STONE	Misc	NONE	Awakening Stone of Divine Light	Stone	1	0	0	0	0	0	0	0	0		AWAKENINGSTONE	DivineLight	true	1
	0	Misc	Unequippable	AWAKENING_STONE	Misc	NONE	Awakening Stone of Patient Prayer	Stone	1	0	0	0	0	0	0	0	0		AWAKENINGSTONE	PatientPrayer	true	1
	0	Misc	Unequippable	AWAKENING_STONE	Misc	NONE	Awakening Stone of Lay on Hands	Stone	1	0	0	0	0	0	0	0	0		AWAKENINGSTONE	LayOnHands	true	1
	0	Misc	Unequippable	AWAKENING_STONE	Misc	NONE	Awakening Stone of Purify	Stone	1	0	0	0	0	0	0	0	0		AWAKENINGSTONE	Purify	true	1
	0	Misc	Unequippable	AWAKENING_STONE	Misc	NONE	Awakening Stone of Absolution	Stone	1	0	0	0	0	0	0	0	0		AWAKENINGSTONE	Absolution	true	1
	0	Misc	Unequippable	AWAKENING_STONE	Misc	NONE	Awakening Stone of Chorus of Light	Stone	1	0	0	0	0	0	0	0	0		AWAKENINGSTONE	ChorusOfLight	true	1
	0	Misc	Unequippable	AWAKENING_STONE	Misc	NONE	Awakening Stone of Second Dawn	Stone	1	0	0	0	0	0	0	0	0		AWAKENINGSTONE	SecondDawn	true	1
	0	Misc	Unequippable	AWAKENING_STONE	Misc	NONE	Awakening Stone of Guardian Angel	Stone	1	0	0	0	0	0	0	0	0		AWAKENINGSTONE	GuardianAngel	true	1
	0	Misc	Unequippable	AWAKENING_STONE	Misc	NONE	Awakening Stone of Miracle	Stone	1	0	0	0	0	0	0	0	0		AWAKENINGSTONE	Miracle	true	1
	0	Misc	Unequippable	AWAKENING_STONE	Misc	NONE	Awakening Stone of Ward of Purity	Stone	1	0	0	0	0	0	0	0	0		AWAKENINGSTONE	WardOfPurity	true	1
	0	Misc	Unequippable	AWAKENING_STONE	Misc	NONE	Awakening Stone of Vigil	Stone	1	0	0	0	0	0	0	0	0		AWAKENINGSTONE	Vigil	true	1
	0	Misc	Unequippable	AWAKENING_STONE	Misc	NONE	Awakening Stone of Benediction	Stone	1	0	0	0	0	0	0	0	0		AWAKENINGSTONE	Benediction	true	1
	0	Misc	Unequippable	AWAKENING_STONE	Misc	NONE	Awakening Stone of Smite	Stone	1	0	0	0	0	0	0	0	0		AWAKENINGSTONE	Smite	true	1
	0	Misc	Unequippable	AWAKENING_STONE	Misc	NONE	Awakening Stone of Judgment	Stone	1	0	0	0	0	0	0	0	0		AWAKENINGSTONE	Judgment	true	1
	0	Misc	Unequippable	AWAKENING_STONE	Misc	NONE	Awakening Stone of Atonement	Stone	1	0	0	0	0	0	0	0	0		AWAKENINGSTONE	Atonement	true	1
	0	Misc	Unequippable	AWAKENING_STONE	Misc	NONE	Awakening Stone of Searing Light	Stone	1	0	0	0	0	0	0	0	0		AWAKENINGSTONE	SearingLight	true	1
	0	Misc	Unequippable	AWAKENING_STONE	Misc	NONE	Awakening Stone of Dawnburst	Stone	1	0	0	0	0	0	0	0	0		AWAKENINGSTONE	Dawnburst	true	1
	0	Misc	Unequippable	AWAKENING_STONE	Misc	NONE	Awakening Stone of Ironbark	Stone	1	0	0	0	0	0	0	0	0		AWAKENINGSTONE	Ironbark	true	1
	0	Misc	Unequippable	AWAKENING_STONE	Misc	NONE	Awakening Stone of Healing Touch	Stone	1	0	0	0	0	0	0	0	0		AWAKENINGSTONE	HealingTouch	true	1
	0	Misc	Unequippable	AWAKENING_STONE	Misc	NONE	Awakening Stone of Nourish	Stone	1	0	0	0	0	0	0	0	0		AWAKENINGSTONE	Nourish	true	1
	0	Misc	Unequippable	AWAKENING_STONE	Misc	NONE	Awakening Stone of Full Bloom	Stone	1	0	0	0	0	0	0	0	0		AWAKENINGSTONE	FullBloom	true	1
	0	Misc	Unequippable	AWAKENING_STONE	Misc	NONE	Awakening Stone of Pollinate	Stone	1	0	0	0	0	0	0	0	0		AWAKENINGSTONE	Pollinate	true	1
	0	Misc	Unequippable	AWAKENING_STONE	Misc	NONE	Awakening Stone of Verdant Tide	Stone	1	0	0	0	0	0	0	0	0		AWAKENINGSTONE	VerdantTide	true	1
	0	Misc	Unequippable	AWAKENING_STONE	Misc	NONE	Awakening Stone of Fairy Ring	Stone	1	0	0	0	0	0	0	0	0		AWAKENINGSTONE	FairyRing	true	1
	0	Misc	Unequippable	AWAKENING_STONE	Misc	NONE	Awakening Stone of Rejuvenation	Stone	1	0	0	0	0	0	0	0	0		AWAKENINGSTONE	Rejuvenation	true	1
	0	Misc	Unequippable	AWAKENING_STONE	Misc	NONE	Awakening Stone of Spring Shower	Stone	1	0	0	0	0	0	0	0	0		AWAKENINGSTONE	SpringShower	true	1
	0	Misc	Unequippable	AWAKENING_STONE	Misc	NONE	Awakening Stone of Sacred Grove	Stone	1	0	0	0	0	0	0	0	0		AWAKENINGSTONE	SacredGrove	true	1
	0	Misc	Unequippable	AWAKENING_STONE	Misc	NONE	Awakening Stone of Remedy	Stone	1	0	0	0	0	0	0	0	0		AWAKENINGSTONE	Remedy	true	1
	0	Misc	Unequippable	AWAKENING_STONE	Misc	NONE	Awakening Stone of Renewal	Stone	1	0	0	0	0	0	0	0	0		AWAKENINGSTONE	Renewal	true	1
	0	Misc	Unequippable	AWAKENING_STONE	Misc	NONE	Awakening Stone of Fresh Breeze	Stone	1	0	0	0	0	0	0	0	0		AWAKENINGSTONE	FreshBreeze	true	1
	0	Misc	Unequippable	AWAKENING_STONE	Misc	NONE	Awakening Stone of New Growth	Stone	1	0	0	0	0	0	0	0	0		AWAKENINGSTONE	NewGrowth	true	1
	0	Misc	Unequippable	AWAKENING_STONE	Misc	NONE	Awakening Stone of Barkskin	Stone	1	0	0	0	0	0	0	0	0		AWAKENINGSTONE	Barkskin	true	1
	0	Misc	Unequippable	AWAKENING_STONE	Misc	NONE	Awakening Stone of Canopy	Stone	1	0	0	0	0	0	0	0	0		AWAKENINGSTONE	Canopy	true	1
	0	Misc	Unequippable	AWAKENING_STONE	Misc	NONE	Awakening Stone of Ironwood	Stone	1	0	0	0	0	0	0	0	0		AWAKENINGSTONE	Ironwood	true	1
	0	Misc	Unequippable	AWAKENING_STONE	Misc	NONE	Awakening Stone of Oakheart	Stone	1	0	0	0	0	0	0	0	0		AWAKENINGSTONE	Oakheart	true	1
	0	Misc	Unequippable	AWAKENING_STONE	Misc	NONE	Awakening Stone of Camouflage	Stone	1	0	0	0	0	0	0	0	0		AWAKENINGSTONE	Camouflage	true	1
	0	Misc	Unequippable	AWAKENING_STONE	Misc	NONE	Awakening Stone of World Tree	Stone	1	0	0	0	0	0	0	0	0		AWAKENINGSTONE	WorldTree	true	1
	0	Misc	Unequippable	ESSENCE	Misc	NONE	Nature Essence	Essence	1	0	0	0	0	0	0	0	0		ESSENCE	HealingTouch	true	1
	0	Misc	Unequippable	AWAKENING_STONE	Misc	NONE	Awakening Stone of Aegis	Stone	1	0	0	0	0	0	0	0	0		AWAKENINGSTONE	Aegis	true	1
	0	Misc	Unequippable	AWAKENING_STONE	Misc	NONE	Awakening Stone of Shield Bash	Stone	1	0	0	0	0	0	0	0	0		AWAKENINGSTONE	ShieldBash	true	1
	0	Misc	Unequippable	AWAKENING_STONE	Misc	NONE	Awakening Stone of Shield Slam	Stone	1	0	0	0	0	0	0	0	0		AWAKENINGSTONE	ShieldSlam	true	1
	0	Misc	Unequippable	AWAKENING_STONE	Misc	NONE	Awakening Stone of Shield Sweep	Stone	1	0	0	0	0	0	0	0	0		AWAKENINGSTONE	ShieldSweep	true	1
	0	Misc	Unequippable	AWAKENING_STONE	Misc	NONE	Awakening Stone of Concussive Blow	Stone	1	0	0	0	0	0	0	0	0		AWAKENINGSTONE	ConcussiveBlow	true	1
	0	Misc	Unequippable	AWAKENING_STONE	Misc	NONE	Awakening Stone of Guarded Strike	Stone	1	0	0	0	0	0	0	0	0		AWAKENINGSTONE	GuardedStrike	true	1
	0	Misc	Unequippable	AWAKENING_STONE	Misc	NONE	Awakening Stone of Bulwark Slam	Stone	1	0	0	0	0	0	0	0	0		AWAKENINGSTONE	BulwarkSlam	true	1
	0	Misc	Unequippable	AWAKENING_STONE	Misc	NONE	Awakening Stone of Barrier	Stone	1	0	0	0	0	0	0	0	0		AWAKENINGSTONE	Barrier	true	1
	0	Misc	Unequippable	AWAKENING_STONE	Misc	NONE	Awakening Stone of Reinforce	Stone	1	0	0	0	0	0	0	0	0		AWAKENINGSTONE	Reinforce	true	1
	0	Misc	Unequippable	AWAKENING_STONE	Misc	NONE	Awakening Stone of Shield Wall	Stone	1	0	0	0	0	0	0	0	0		AWAKENINGSTONE	ShieldWall	true	1
	0	Misc	Unequippable	AWAKENING_STONE	Misc	NONE	Awakening Stone of Phalanx	Stone	1	0	0	0	0	0	0	0	0		AWAKENINGSTONE	Phalanx	true	1
	0	Misc	Unequippable	AWAKENING_STONE	Misc	NONE	Awakening Stone of Bulwark	Stone	1	0	0	0	0	0	0	0	0		AWAKENINGSTONE	Bulwark	true	1
	0	Misc	Unequippable	AWAKENING_STONE	Misc	NONE	Awakening Stone of Spell Ward	Stone	1	0	0	0	0	0	0	0	0		AWAKENINGSTONE	SpellWard	true	1
	0	Misc	Unequippable	AWAKENING_STONE	Misc	NONE	Awakening Stone of Hold the Line	Stone	1	0	0	0	0	0	0	0	0		AWAKENINGSTONE	HoldTheLine	true	1
	0	Misc	Unequippable	AWAKENING_STONE	Misc	NONE	Awakening Stone of Stout Heart	Stone	1	0	0	0	0	0	0	0	0		AWAKENINGSTONE	StoutHeart	true	1
	0	Misc	Unequippable	AWAKENING_STONE	Misc	NONE	Awakening Stone of Resilience	Stone	1	0	0	0	0	0	0	0	0		AWAKENINGSTONE	Resilience	true	1
	0	Misc	Unequippable	AWAKENING_STONE	Misc	NONE	Awakening Stone of Oathbound	Stone	1	0	0	0	0	0	0	0	0		AWAKENINGSTONE	Oathbound	true	1
	0	Misc	Unequippable	AWAKENING_STONE	Misc	NONE	Awakening Stone of Stalwart	Stone	1	0	0	0	0	0	0	0	0		AWAKENINGSTONE	Stalwart	true	1
	0	Misc	Unequippable	AWAKENING_STONE	Misc	NONE	Awakening Stone of Brace	Stone	1	0	0	0	0	0	0	0	0		AWAKENINGSTONE	Brace	true	1
	0	Misc	Unequippable	AWAKENING_STONE	Misc	NONE	Awakening Stone of Unbreakable	Stone	1	0	0	0	0	0	0	0	0		AWAKENINGSTONE	Unbreakable	true	1
	0	Misc	Unequippable	ESSENCE	Misc	NONE	Shield Essence	Essence	1	0	0	0	0	0	0	0	0		ESSENCE	Barrier	true	1
	0	Misc	Unequippable	ESSENCE	Misc	NONE	Dark Essence	Essence	1	0	0	0	0	0	0	0	0		ESSENCE	Corruption	true	1
	0	Misc	Unequippable	AWAKENING_STONE	Misc	NONE	Awakening Stone of Pall of Shadow	Stone	1	0	0	0	0	0	0	0	0		AWAKENINGSTONE	PallOfShadow	true	1
	0	Misc	Unequippable	AWAKENING_STONE	Misc	NONE	Awakening Stone of Creeping Rot	Stone	1	0	0	0	0	0	0	0	0		AWAKENINGSTONE	CreepingRot	true	1
	0	Misc	Unequippable	AWAKENING_STONE	Misc	NONE	Awakening Stone of Shadow Bolt	Stone	1	0	0	0	0	0	0	0	0		AWAKENINGSTONE	ShadowBolt	true	1
	0	Misc	Unequippable	AWAKENING_STONE	Misc	NONE	Awakening Stone of Blight	Stone	1	0	0	0	0	0	0	0	0		AWAKENINGSTONE	Blight	true	1
	0	Misc	Unequippable	AWAKENING_STONE	Misc	NONE	Awakening Stone of Plague Wind	Stone	1	0	0	0	0	0	0	0	0		AWAKENINGSTONE	PlagueWind	true	1
	0	Misc	Unequippable	AWAKENING_STONE	Misc	NONE	Awakening Stone of Contagion	Stone	1	0	0	0	0	0	0	0	0		AWAKENINGSTONE	Contagion	true	1
	0	Misc	Unequippable	AWAKENING_STONE	Misc	NONE	Awakening Stone of Drain	Stone	1	0	0	0	0	0	0	0	0		AWAKENINGSTONE	Drain	true	1
	0	Misc	Unequippable	AWAKENING_STONE	Misc	NONE	Awakening Stone of Black Sun	Stone	1	0	0	0	0	0	0	0	0		AWAKENINGSTONE	BlackSun	true	1
	0	Misc	Unequippable	AWAKENING_STONE	Misc	NONE	Awakening Stone of Umbral Strike	Stone	1	0	0	0	0	0	0	0	0		AWAKENINGSTONE	UmbralStrike	true	1
	0	Misc	Unequippable	AWAKENING_STONE	Misc	NONE	Awakening Stone of Night Blade	Stone	1	0	0	0	0	0	0	0	0		AWAKENINGSTONE	NightBlade	true	1
	0	Misc	Unequippable	AWAKENING_STONE	Misc	NONE	Awakening Stone of Rupture	Stone	1	0	0	0	0	0	0	0	0		AWAKENINGSTONE	Rupture	true	1
	0	Misc	Unequippable	AWAKENING_STONE	Misc	NONE	Awakening Stone of Blind	Stone	1	0	0	0	0	0	0	0	0		AWAKENINGSTONE	Blind	true	1
	0	Misc	Unequippable	AWAKENING_STONE	Misc	NONE	Awakening Stone of Murk	Stone	1	0	0	0	0	0	0	0	0		AWAKENINGSTONE	Murk	true	1
	0	Misc	Unequippable	AWAKENING_STONE	Misc	NONE	Awakening Stone of Night Terrors	Stone	1	0	0	0	0	0	0	0	0		AWAKENINGSTONE	NightTerrors	true	1
	0	Misc	Unequippable	AWAKENING_STONE	Misc	NONE	Awakening Stone of Wither	Stone	1	0	0	0	0	0	0	0	0		AWAKENINGSTONE	Wither	true	1
	0	Misc	Unequippable	AWAKENING_STONE	Misc	NONE	Awakening Stone of Soul Rend	Stone	1	0	0	0	0	0	0	0	0		AWAKENINGSTONE	SoulRend	true	1
	0	Misc	Unequippable	AWAKENING_STONE	Misc	NONE	Awakening Stone of Cloak of Night	Stone	1	0	0	0	0	0	0	0	0		AWAKENINGSTONE	CloakOfNight	true	1
	0	Misc	Unequippable	AWAKENING_STONE	Misc	NONE	Awakening Stone of Malice	Stone	1	0	0	0	0	0	0	0	0		AWAKENINGSTONE	Malice	true	1
	0	Misc	Unequippable	AWAKENING_STONE	Misc	NONE	Awakening Stone of Night's Edge	Stone	1	0	0	0	0	0	0	0	0		AWAKENINGSTONE	NightsEdge	true	1
	0	Misc	Unequippable	AWAKENING_STONE	Misc	NONE	Awakening Stone of Bedrock	Stone	1	0	0	0	0	0	0	0	0		AWAKENINGSTONE	Bedrock	true	1
	0	Misc	Unequippable	AWAKENING_STONE	Misc	NONE	Awakening Stone of Stone Spike	Stone	1	0	0	0	0	0	0	0	0		AWAKENINGSTONE	StoneSpike	true	1
	0	Misc	Unequippable	AWAKENING_STONE	Misc	NONE	Awakening Stone of Tremor	Stone	1	0	0	0	0	0	0	0	0		AWAKENINGSTONE	Tremor	true	1
	0	Misc	Unequippable	AWAKENING_STONE	Misc	NONE	Awakening Stone of Earthquake	Stone	1	0	0	0	0	0	0	0	0		AWAKENINGSTONE	Earthquake	true	1
	0	Misc	Unequippable	AWAKENING_STONE	Misc	NONE	Awakening Stone of Landslide	Stone	1	0	0	0	0	0	0	0	0		AWAKENINGSTONE	Landslide	true	1
	0	Misc	Unequippable	AWAKENING_STONE	Misc	NONE	Awakening Stone of Upheaval	Stone	1	0	0	0	0	0	0	0	0		AWAKENINGSTONE	Upheaval	true	1
	0	Misc	Unequippable	AWAKENING_STONE	Misc	NONE	Awakening Stone of Stone Fist	Stone	1	0	0	0	0	0	0	0	0		AWAKENINGSTONE	StoneFist	true	1
	0	Misc	Unequippable	AWAKENING_STONE	Misc	NONE	Awakening Stone of Boulder	Stone	1	0	0	0	0	0	0	0	0		AWAKENINGSTONE	Boulder	true	1
	0	Misc	Unequippable	AWAKENING_STONE	Misc	NONE	Awakening Stone of Shockwave	Stone	1	0	0	0	0	0	0	0	0		AWAKENINGSTONE	Shockwave	true	1
	0	Misc	Unequippable	AWAKENING_STONE	Misc	NONE	Awakening Stone of Earthshatter	Stone	1	0	0	0	0	0	0	0	0		AWAKENINGSTONE	Earthshatter	true	1
	0	Misc	Unequippable	AWAKENING_STONE	Misc	NONE	Awakening Stone of Crushing Blow	Stone	1	0	0	0	0	0	0	0	0		AWAKENINGSTONE	CrushingBlow	true	1
	0	Misc	Unequippable	AWAKENING_STONE	Misc	NONE	Awakening Stone of Mire	Stone	1	0	0	0	0	0	0	0	0		AWAKENINGSTONE	Mire	true	1
	0	Misc	Unequippable	AWAKENING_STONE	Misc	NONE	Awakening Stone of Stoneskin	Stone	1	0	0	0	0	0	0	0	0		AWAKENINGSTONE	Stoneskin	true	1
	0	Misc	Unequippable	AWAKENING_STONE	Misc	NONE	Awakening Stone of Dig In	Stone	1	0	0	0	0	0	0	0	0		AWAKENINGSTONE	DigIn	true	1
	0	Misc	Unequippable	AWAKENING_STONE	Misc	NONE	Awakening Stone of Stone Wall	Stone	1	0	0	0	0	0	0	0	0		AWAKENINGSTONE	StoneWall	true	1
	0	Misc	Unequippable	AWAKENING_STONE	Misc	NONE	Awakening Stone of Earthen Might	Stone	1	0	0	0	0	0	0	0	0		AWAKENINGSTONE	EarthenMight	true	1
	0	Misc	Unequippable	AWAKENING_STONE	Misc	NONE	Awakening Stone of Monolith	Stone	1	0	0	0	0	0	0	0	0		AWAKENINGSTONE	Monolith	true	1
	0	Misc	Unequippable	AWAKENING_STONE	Misc	NONE	Awakening Stone of Unyielding	Stone	1	0	0	0	0	0	0	0	0		AWAKENINGSTONE	Unyielding	true	1
	0	Misc	Unequippable	ESSENCE	Misc	NONE	Earth Essence	Essence	1	0	0	0	0	0	0	0	0		ESSENCE	StoneSpike	true	1
	0	Misc	Unequippable	AWAKENING_STONE	Misc	NONE	Awakening Stone of Lightning	Stone	1	0	0	0	0	0	0	0	0		AWAKENINGSTONE	Lightning	true	1
	0	Misc	Unequippable	AWAKENING_STONE	Misc	NONE	Awakening Stone of Chain Lightning	Stone	1	0	0	0	0	0	0	0	0		AWAKENINGSTONE	ChainLightning	true	1
	0	Misc	Unequippable	AWAKENING_STONE	Misc	NONE	Awakening Stone of Charged Bolt	Stone	1	0	0	0	0	0	0	0	0		AWAKENINGSTONE	ChargedBolt	true	1
	0	Misc	Unequippable	AWAKENING_STONE	Misc	NONE	Awakening Stone of Teleport	Stone	1	0	0	0	0	0	0	0	0		AWAKENINGSTONE	Teleport	true	1
	0	Misc	Unequippable	AWAKENING_STONE	Misc	NONE	Awakening Stone of Spark	Stone	1	0	0	0	0	0	0	0	0		AWAKENINGSTONE	Spark	true	1
	0	Misc	Unequippable	AWAKENING_STONE	Misc	NONE	Awakening Stone of Arc	Stone	1	0	0	0	0	0	0	0	0		AWAKENINGSTONE	Arc	true	1
	0	Misc	Unequippable	AWAKENING_STONE	Misc	NONE	Awakening Stone of Forked Lightning	Stone	1	0	0	0	0	0	0	0	0		AWAKENINGSTONE	ForkedLightning	true	1
	0	Misc	Unequippable	AWAKENING_STONE	Misc	NONE	Awakening Stone of Thunderstrike	Stone	1	0	0	0	0	0	0	0	0		AWAKENINGSTONE	Thunderstrike	true	1
	0	Misc	Unequippable	AWAKENING_STONE	Misc	NONE	Awakening Stone of Ball Lightning	Stone	1	0	0	0	0	0	0	0	0		AWAKENINGSTONE	BallLightning	true	1
	0	Misc	Unequippable	AWAKENING_STONE	Misc	NONE	Awakening Stone of Tempest	Stone	1	0	0	0	0	0	0	0	0		AWAKENINGSTONE	Tempest	true	1
	0	Misc	Unequippable	AWAKENING_STONE	Misc	NONE	Awakening Stone of Shocking Grasp	Stone	1	0	0	0	0	0	0	0	0		AWAKENINGSTONE	ShockingGrasp	true	1
	0	Misc	Unequippable	AWAKENING_STONE	Misc	NONE	Awakening Stone of Storm's Focus	Stone	1	0	0	0	0	0	0	0	0		AWAKENINGSTONE	StormsFocus	true	1
	0	Misc	Unequippable	AWAKENING_STONE	Misc	NONE	Awakening Stone of Amplify	Stone	1	0	0	0	0	0	0	0	0		AWAKENINGSTONE	Amplify	true	1
	0	Misc	Unequippable	AWAKENING_STONE	Misc	NONE	Awakening Stone of Overcharge	Stone	1	0	0	0	0	0	0	0	0		AWAKENINGSTONE	Overcharge	true	1
	0	Misc	Unequippable	AWAKENING_STONE	Misc	NONE	Awakening Stone of Quickening	Stone	1	0	0	0	0	0	0	0	0		AWAKENINGSTONE	Quickening	true	1
	0	Misc	Unequippable	AWAKENING_STONE	Misc	NONE	Awakening Stone of Dynamo	Stone	1	0	0	0	0	0	0	0	0		AWAKENINGSTONE	Dynamo	true	1
	0	Misc	Unequippable	AWAKENING_STONE	Misc	NONE	Awakening Stone of Charged Air	Stone	1	0	0	0	0	0	0	0	0		AWAKENINGSTONE	ChargedAir	true	1
