essence1	essence2	essence3	name
Fire	Dark	Earth	Brimstone
Fire	Holy	Dark	Reckoning
Fire	Holy	Earth	Forge
Fire	Holy	Life	Rebirth
Fire	Holy	Shield	Crusader
Fire	Holy	Water	Redemption
Fire	Life	Dark	Cauldron
Fire	Life	Earth	Crucible
Fire	Life	Shield	Hearth
Fire	Shield	Dark	Tyrant
Fire	Shield	Earth	Anvil
Fire	Water	Dark	Veil
Fire	Water	Earth	Geyser
Fire	Water	Life	Hotspring
Fire	Water	Shield	Equilibrium
Holy	Dark	Earth	Reliquary
Holy	Life	Dark	Purgatory
Holy	Life	Earth	Eden
Holy	Life	Shield	Paladin
Holy	Shield	Dark	Inquisitor
Holy	Shield	Earth	Bastion
Holy	Water	Dark	Requiem
Holy	Water	Earth	Covenant
Holy	Water	Life	Baptism
Holy	Water	Shield	Mercy
Life	Dark	Earth	Marrow
Life	Shield	Dark	Revenant
Life	Shield	Earth	Titan
Lightning	Dark	Earth	Ruin
Lightning	Fire	Dark	Havoc
Lightning	Fire	Earth	Cataclysm
Lightning	Fire	Holy	Wrath
Lightning	Fire	Life	Zeal
Lightning	Fire	Shield	Vanguard
Lightning	Fire	Water	Maelstrom
Lightning	Holy	Dark	Revelation
Lightning	Holy	Earth	Ascension
Lightning	Holy	Life	Seraph
Lightning	Holy	Shield	Templar
Lightning	Holy	Water	Deluge
Lightning	Life	Dark	Reanimator
Lightning	Life	Earth	Golem
Lightning	Life	Shield	Stormheart
Lightning	Magic	Dark	Hex
Lightning	Magic	Earth	Lodestone
Lightning	Magic	Fire	Evoker
Lightning	Magic	Holy	Oracle
Lightning	Magic	Life	Animus
Lightning	Magic	Shield	Conduit
Lightning	Magic	Water	Squall
Lightning	Nature	Dark	Predator
Lightning	Nature	Earth	Savage
Lightning	Nature	Fire	Firestorm
Lightning	Nature	Holy	Firmament
Lightning	Nature	Life	Wildheart
Lightning	Nature	Magic	Stormcaller
Lightning	Nature	Shield	Sentinel
Lightning	Nature	Water	Thunderhead
Lightning	Shield	Dark	Dreadnought
Lightning	Shield	Earth	Colossus
Lightning	Water	Dark	Leviathan
Lightning	Water	Earth	Torrent
Lightning	Water	Life	Lifestream
Lightning	Water	Shield	Breakwater
Magic	Dark	Earth	Necropolis
Magic	Fire	Dark	Warlock
Magic	Fire	Earth	Alchemy
Magic	Fire	Holy	Sunfire
Magic	Fire	Life	Elixir
Magic	Fire	Shield	Battlemage
Magic	Fire	Water	Elementalist
Magic	Holy	Dark	Heresy
Magic	Holy	Earth	Runestone
Magic	Holy	Life	Divinity
Magic	Holy	Shield	Sigil
Magic	Holy	Water	Seer
Magic	Life	Dark	Lich
Magic	Life	Earth	Geomancer
Magic	Life	Shield	Wardstone
Magic	Shield	Dark	Shroud
Magic	Shield	Earth	Obelisk
Magic	Water	Dark	Illusion
Magic	Water	Earth	Crystal
Magic	Water	Life	Fountain
Magic	Water	Shield	Mirror
Might	Dark	Earth	Ravager
Might	Fire	Dark	Destroyer
Might	Fire	Earth	Hammer
Might	Fire	Holy	Crusader
Might	Fire	Life	Gladiator
Might	Fire	Shield	Legionnaire
Might	Fire	Water	Steel
Might	Holy	Dark	Executioner
Might	Holy	Earth	Champion
Might	Holy	Life	Hero
Might	Holy	Shield	Templar
Might	Holy	Water	Knight
Might	Life	Dark	Vampire
Might	Life	Earth	Giant
Might	Life	Shield	Fortress
Might	Lightning	Dark	Reaver
Might	Lightning	Earth	Earthshaker
Might	Lightning	Fire	Berserker
Might	Lightning	Holy	Valkyrie
Might	Lightning	Life	Adrenaline
Might	Lightning	Magic	Stormblade
Might	Lightning	Nature	Stampede
Might	Lightning	Shield	Ironclad
Might	Lightning	Water	Typhoon
Might	Magic	Dark	Death Knight
Might	Magic	Earth	Runesmith
Might	Magic	Fire	Flameblade
Might	Magic	Holy	Justicar
Might	Magic	Life	Paragon
Might	Magic	Shield	Spellsword
Might	Magic	Water	Frostblade
Might	Nature	Dark	Hunter
Might	Nature	Earth	Savage
Might	Nature	Fire	Barbarian
Might	Nature	Holy	Avenger
Might	Nature	Life	Beast
Might	Nature	Magic	Totem
Might	Nature	Shield	Protector
Might	Nature	Water	Rapids
Might	Shield	Dark	Blackguard
Might	Shield	Earth	Colossus
Might	Water	Dark	Corsair
Might	Water	Earth	Glacier
Might	Water	Life	Endurance
Might	Water	Shield	Breakwater
Nature	Dark	Earth	Barrow
Nature	Fire	Dark	Pyre
Nature	Fire	Earth	Primal
Nature	Fire	Holy	Dawn
Nature	Fire	Life	Summer
Nature	Fire	Shield	Hearth
Nature	Fire	Water	Seasons
Nature	Holy	Dark	Twilight
Nature	Holy	Earth	Eden
Nature	Holy	Life	Paradise
Nature	Holy	Shield	Warden
Nature	Holy	Water	Sanctuary
Nature	Life	Dark	Undergrowth
Nature	Life	Earth	Grove
Nature	Life	Shield	Evergreen
Nature	Magic	Dark	Coven
Nature	Magic	Earth	Druid
Nature	Magic	Fire	Shaman
Nature	Magic	Holy	Mystic
Nature	Magic	Life	Faerie
Nature	Magic	Shield	Enchanter
Nature	Magic	Water	Fey
Nature	Shield	Dark	Bramble
Nature	Shield	Earth	Stronghold
Nature	Water	Dark	Quagmire
Nature	Water	Earth	Oasis
Nature	Water	Life	Verdance
Nature	Water	Shield	Haven
Shield	Dark	Earth	Tomb
Water	Dark	Earth	Abyss
Water	Life	Dark	Leech
Water	Life	Earth	Oasis
Water	Life	Shield	Haven
Water	Shield	Dark	Undertow
Water	Shield	Earth	Rampart
